[
{
    "domain": ".twitter.com",
    "expirationDate": 1735485721.681186,
    "hostOnly": false,
    "httpOnly": false,
    "name": "_ga",
    "path": "/",
    "sameSite": "unspecified",
    "secure": false,
    "session": false,
    "storeId": "0",
    "value": "GA1.2.1585573567.1697681053",
    "id": 1
},
{
    "domain": ".twitter.com",
    "expirationDate": 1701012121,
    "hostOnly": false,
    "httpOnly": false,
    "name": "_gid",
    "path": "/",
    "sameSite": "unspecified",
    "secure": false,
    "session": false,
    "storeId": "0",
    "value": "GA1.2.1506584569.1700753128",
    "id": 2
},
{
    "domain": ".twitter.com",
    "expirationDate": 1732241064.696022,
    "hostOnly": false,
    "httpOnly": true,
    "name": "auth_token",
    "path": "/",
    "sameSite": "no_restriction",
    "secure": true,
    "session": false,
    "storeId": "0",
    "value": "0f48379e2fd155f63dfd2dfd6e1d9fa8b487992f",
    "id": 3
},
{
    "domain": ".twitter.com",
    "expirationDate": 1732241069.305931,
    "hostOnly": false,
    "httpOnly": false,
    "name": "ct0",
    "path": "/",
    "sameSite": "lax",
    "secure": true,
    "session": false,
    "storeId": "0",
    "value": "a1b477b754f00ec808c33012cc095b639941b21ae3c3e6146c37e82518ad1de43b850c590fc5bdac8b0edff4d29e7c4f160820abff531deb6f8cd2dcd8fae21ba2c1a5ea1f28ba2b413af5a31987a37d",
    "id": 4
},
{
    "domain": ".twitter.com",
    "expirationDate": 1735313417.607912,
    "hostOnly": false,
    "httpOnly": false,
    "name": "des_opt_in",
    "path": "/",
    "sameSite": "unspecified",
    "secure": false,
    "session": false,
    "storeId": "0",
    "value": "Y",
    "id": 5
},
{
    "domain": ".twitter.com",
    "expirationDate": 1701357924.968707,
    "hostOnly": false,
    "httpOnly": false,
    "name": "external_referer",
    "path": "/",
    "sameSite": "unspecified",
    "secure": true,
    "session": false,
    "storeId": "0",
    "value": "padhuUp37zjgzgv1mFWxJ12Ozwit7owX|0|8e8t2xd8A2w%3D",
    "id": 6
},
{
    "domain": ".twitter.com",
    "expirationDate": 1732241047.694692,
    "hostOnly": false,
    "httpOnly": false,
    "name": "guest_id",
    "path": "/",
    "sameSite": "no_restriction",
    "secure": true,
    "session": false,
    "storeId": "0",
    "value": "v1%3A169768104560476926",
    "id": 7
},
{
    "domain": ".twitter.com",
    "expirationDate": 1735485837.281469,
    "hostOnly": false,
    "httpOnly": false,
    "name": "guest_id_ads",
    "path": "/",
    "sameSite": "no_restriction",
    "secure": true,
    "session": false,
    "storeId": "0",
    "value": "v1%3A169768104560476926",
    "id": 8
},
{
    "domain": ".twitter.com",
    "expirationDate": 1735485837.281575,
    "hostOnly": false,
    "httpOnly": false,
    "name": "guest_id_marketing",
    "path": "/",
    "sameSite": "no_restriction",
    "secure": true,
    "session": false,
    "storeId": "0",
    "value": "v1%3A169768104560476926",
    "id": 9
},
{
    "domain": ".twitter.com",
    "expirationDate": 1732241064.695803,
    "hostOnly": false,
    "httpOnly": true,
    "name": "kdt",
    "path": "/",
    "sameSite": "unspecified",
    "secure": true,
    "session": false,
    "storeId": "0",
    "value": "ctej27DBYBzq3mqM6YR063yLVRmz2zSL9QHoYLIn",
    "id": 10
},
{
    "domain": ".twitter.com",
    "expirationDate": 1735485837.281633,
    "hostOnly": false,
    "httpOnly": false,
    "name": "personalization_id",
    "path": "/",
    "sameSite": "no_restriction",
    "secure": true,
    "session": false,
    "storeId": "0",
    "value": "\"v1_pYkefMHZYDLx5HYHYk/pKg==\"",
    "id": 11
},
{
    "domain": ".twitter.com",
    "expirationDate": 1732461837.281666,
    "hostOnly": false,
    "httpOnly": false,
    "name": "twid",
    "path": "/",
    "sameSite": "no_restriction",
    "secure": true,
    "session": false,
    "storeId": "0",
    "value": "u%3D1597032393478934528",
    "id": 12
},
{
    "domain": ".twitter.com",
    "expirationDate": 1731934931,
    "hostOnly": false,
    "httpOnly": false,
    "name": "twtr_pixel_opt_in",
    "path": "/",
    "sameSite": "unspecified",
    "secure": false,
    "session": false,
    "storeId": "0",
    "value": "Y",
    "id": 13
},
{
    "domain": "twitter.com",
    "expirationDate": 1713233061,
    "hostOnly": true,
    "httpOnly": false,
    "name": "g_state",
    "path": "/",
    "sameSite": "unspecified",
    "secure": false,
    "session": false,
    "storeId": "0",
    "value": "{\"i_l\":0}",
    "id": 14
},
{
    "domain": "twitter.com",
    "hostOnly": true,
    "httpOnly": false,
    "name": "lang",
    "path": "/",
    "sameSite": "unspecified",
    "secure": false,
    "session": true,
    "storeId": "0",
    "value": "en",
    "id": 15
}
]